{
    "name": "EIKP",
    "properties": {
        "linkedServiceName": {
            "referenceName": "orgbidw",
            "type": "LinkedServiceReference"
        },
        "folder": {
            "name": "SAPECCProcSource"
        },
        "annotations": [],
        "type": "AzureSqlTable",
        "schema": [
            {
                "name": "EXNUM",
                "type": "nvarchar"
            },
            {
                "name": "EXPVZ",
                "type": "nvarchar"
            }
        ],
        "typeProperties": {
            "schema": "dbo",
            "table": "EIKP"
        }
    },
    "type": "Microsoft.DataFactory/factories/datasets"
}