{
    "name": "F_ServiceEntrySheet",
    "properties": {
        "linkedServiceName": {
            "referenceName": "orgbidw",
            "type": "LinkedServiceReference"
        },
        "folder": {
            "name": "SAPECCProcDW"
        },
        "annotations": [],
        "type": "AzureSqlTable",
        "schema": [],
        "typeProperties": {
            "schema": "dbo",
            "table": "F_ServiceEntrySheet"
        }
    },
    "type": "Microsoft.DataFactory/factories/datasets"
}