{
    "name": "F_GOODSRECEIPT_DF",
    "properties": {
        "description": "This DF is related to Goods and their related information.",
        "folder": {
            "name": "SAPECCProcurementFD"
        },
        "type": "MappingDataFlow",
        "typeProperties": {
            "sources": [
                {
                    "dataset": {
                        "referenceName": "EBAN",
                        "type": "DatasetReference"
                    },
                    "name": "EBAN"
                },
                {
                    "dataset": {
                        "referenceName": "I_PRRELEASEDATE",
                        "type": "DatasetReference"
                    },
                    "name": "IPRRELEASEDATE"
                },
                {
                    "dataset": {
                        "referenceName": "EKBE",
                        "type": "DatasetReference"
                    },
                    "name": "EKBE"
                },
                {
                    "dataset": {
                        "referenceName": "MSEG_PROC",
                        "type": "DatasetReference"
                    },
                    "name": "MSEG"
                },
                {
                    "dataset": {
                        "referenceName": "LIKP_PROC",
                        "type": "DatasetReference"
                    },
                    "name": "LIKP"
                },
                {
                    "dataset": {
                        "referenceName": "EKET",
                        "type": "DatasetReference"
                    },
                    "name": "EKET"
                }
            ],
            "sinks": [
                {
                    "dataset": {
                        "referenceName": "F_GoodsReceipt",
                        "type": "DatasetReference"
                    },
                    "name": "FGOODSRECEIPTSINK"
                }
            ],
            "transformations": [
                {
                    "name": "IPRAndEBANJoin1"
                },
                {
                    "name": "PRTable"
                },
                {
                    "name": "EKBEfilter"
                },
                {
                    "name": "PRtableEKBEJoin2"
                },
                {
                    "name": "DerivedColumn1"
                },
                {
                    "name": "InboundTable"
                },
                {
                    "name": "InboundColumns"
                },
                {
                    "name": "EKETColumns"
                },
                {
                    "name": "Join2Columns"
                },
                {
                    "name": "PRtabInboundJoin3"
                },
                {
                    "name": "EKETInboundJoin4"
                },
                {
                    "name": "Join3Columns"
                },
                {
                    "name": "Trannsformations"
                },
                {
                    "name": "GRSKEY"
                },
                {
                    "name": "OutputColumns"
                }
            ],
            "script": "source(output(\n\t\tAFNAM as string,\n\t\tBADAT as date,\n\t\tBANFN as string,\n\t\tBEDNR as string,\n\t\tBLCKD as string,\n\t\tBNFPO as integer,\n\t\tBSART as string,\n\t\tBSMNG as decimal(13,3),\n\t\tEBELN as string,\n\t\tEBELP as integer,\n\t\tEKGRP as string,\n\t\tEKORG as string,\n\t\tERDAT as date,\n\t\tERNAM as string,\n\t\tFRGKZ as string,\n\t\tFRGST as string,\n\t\tFRGZU as string,\n\t\tKNTTP as string,\n\t\tLFDAT as date,\n\t\tLGORT as string,\n\t\tLOAD_DATETIME as date,\n\t\tLOEKZ as string,\n\t\tMATKL as string,\n\t\tMATNR as string,\n\t\tMEINS as string,\n\t\tMENGE as decimal(13,3),\n\t\tPEINH as integer,\n\t\tPREIS as decimal(11,2),\n\t\tPRIO_URG as integer,\n\t\tPSTYP as string,\n\t\tRLWRT as decimal(15,2),\n\t\tSTATU as string,\n\t\tTXZ01 as string,\n\t\tWAERS as string,\n\t\tWERKS as string\n\t),\n\tallowSchemaDrift: true,\n\tvalidateSchema: false,\n\tignoreNoFilesFound: false,\n\tbatchSize: 5000,\n\tisolationLevel: 'READ_UNCOMMITTED',\n\tformat: 'table') ~> EBAN\nsource(output(\n\t\t{PR No} as string,\n\t\t{PR Ln} as string,\n\t\t{PR Release Date} as date\n\t),\n\tallowSchemaDrift: true,\n\tvalidateSchema: false,\n\tignoreNoFilesFound: false,\n\tbatchSize: 5000,\n\tisolationLevel: 'READ_UNCOMMITTED',\n\tformat: 'table') ~> IPRRELEASEDATE\nsource(output(\n\t\tBELNR as string,\n\t\tBEWTP as string,\n\t\tBLDAT as date,\n\t\tBUDAT as date,\n\t\tBUZEI as integer,\n\t\tBWART as string,\n\t\tDMBTR as decimal(15,3),\n\t\tEBELN as string,\n\t\tEBELP as integer,\n\t\tERNAM as string,\n\t\tGJAHR as integer,\n\t\tMENGE as decimal(15,3),\n\t\tSHKZG as string,\n\t\tWAERS as string,\n\t\tWRBTR as decimal(15,3),\n\t\tLFBNR as string,\n\t\tLFGJA as string,\n\t\tLFPOS as string\n\t),\n\tallowSchemaDrift: true,\n\tvalidateSchema: false,\n\tignoreNoFilesFound: false,\n\tbatchSize: 5000,\n\tisolationLevel: 'READ_UNCOMMITTED',\n\tformat: 'table') ~> EKBE\nsource(output(\n\t\tBWART as string,\n\t\tMBLNR as string,\n\t\tMJAHR as integer,\n\t\tVBELN_IM as string,\n\t\tVBELP_IM as integer,\n\t\tZEILE as integer\n\t),\n\tallowSchemaDrift: true,\n\tvalidateSchema: false,\n\tignoreNoFilesFound: false,\n\tbatchSize: 5000,\n\tisolationLevel: 'READ_UNCOMMITTED',\n\tformat: 'table') ~> MSEG\nsource(output(\n\t\tBLDAT as date,\n\t\tBOLNR as string,\n\t\tEXNUM as string,\n\t\tLFDAT as date,\n\t\tSPE_LOEKZ as string,\n\t\tTDDAT as date,\n\t\tVBELN as string,\n\t\tWERKS as string\n\t),\n\tallowSchemaDrift: true,\n\tvalidateSchema: false,\n\tignoreNoFilesFound: false,\n\tbatchSize: 5000,\n\tisolationLevel: 'READ_UNCOMMITTED',\n\tformat: 'table') ~> LIKP\nsource(output(\n\t\tBANFN as string,\n\t\tBNFPO as integer,\n\t\tEBELN as string,\n\t\tEBELP as integer,\n\t\tEINDT as date,\n\t\tEKET_SCHLN_KEY as string,\n\t\tSLFDT as date,\n\t\tLOAD_DATETIME as timestamp\n\t),\n\tallowSchemaDrift: true,\n\tvalidateSchema: false,\n\tignoreNoFilesFound: false,\n\tbatchSize: 5000,\n\tisolationLevel: 'READ_UNCOMMITTED',\n\tformat: 'table') ~> EKET\nDerivedColumn1, IPRRELEASEDATE join(BANFN == {PR No}\n\t&& BNFPO == {PR Ln},\n\tjoinType:'left',\n\tbroadcast: 'auto')~> IPRAndEBANJoin1\nIPRAndEBANJoin1 select(mapColumn(\n\t\tBANFN,\n\t\tBNFPO,\n\t\tEBELN,\n\t\tEBELP,\n\t\t{PR Release Date}\n\t),\n\tskipDuplicateMapInputs: true,\n\tskipDuplicateMapOutputs: true) ~> PRTable\nEKBE filter(BEWTP=='E') ~> EKBEfilter\nEKBEfilter, PRTable join(EKBE@EBELN == PRTable@EBELN\n\t&& EKBE@EBELP == PRTable@EBELP,\n\tjoinType:'left',\n\tbroadcast: 'auto')~> PRtableEKBEJoin2\nEBAN derive(BNFPO = toString(BNFPO,\"####\"),\n\t\tBANFN = ltrim(BANFN, \"0\")) ~> DerivedColumn1\nMSEG, LIKP join(VBELN_IM == VBELN,\n\tjoinType:'inner',\n\tbroadcast: 'auto')~> InboundTable\nInboundTable select(mapColumn(\n\t\tMBLNR,\n\t\tMJAHR,\n\t\tVBELN_IM,\n\t\tZEILE,\n\t\t{Inbound Trnsplning Date} = TDDAT,\n\t\tVBELN\n\t),\n\tskipDuplicateMapInputs: true,\n\tskipDuplicateMapOutputs: true) ~> InboundColumns\nEKET select(mapColumn(\n\t\tEBELN,\n\t\tEBELP,\n\t\tSLFDT\n\t),\n\tskipDuplicateMapInputs: true,\n\tskipDuplicateMapOutputs: true) ~> EKETColumns\nPRtableEKBEJoin2 select(mapColumn(\n\t\t{GR No} = BELNR,\n\t\t{GR Doc Date} = BLDAT,\n\t\t{GR Posting Date} = BUDAT,\n\t\t{GR Ln} = BUZEI,\n\t\t{GR Movement Type} = BWART,\n\t\t{GR Value in LC} = DMBTR,\n\t\t{GR Created By} = ERNAM,\n\t\t{GR Year} = GJAHR,\n\t\t{GR Qty} = MENGE,\n\t\t{GR DC Ind} = SHKZG,\n\t\t{GR Currency} = WAERS,\n\t\t{PR Release Date},\n\t\tEBELP = EKBE@EBELP,\n\t\tEBELN = EKBE@EBELN,\n\t\t{GR Value} = WRBTR\n\t),\n\tskipDuplicateMapInputs: true,\n\tskipDuplicateMapOutputs: true) ~> Join2Columns\nInboundColumns, Join2Columns join(MBLNR == {GR No}\n\t&& ZEILE == {GR Ln}\n\t&& MJAHR == {GR Year},\n\tjoinType:'right',\n\tbroadcast: 'auto')~> PRtabInboundJoin3\nJoin3Columns, EKETColumns join(Join3Columns@EBELN == EKETColumns@EBELN\n\t&& Join3Columns@EBELP == EKETColumns@EBELP,\n\tjoinType:'left',\n\tbroadcast: 'auto')~> EKETInboundJoin4\nPRtabInboundJoin3 select(mapColumn(\n\t\t{Inbound Trnsplning Date},\n\t\t{GR No},\n\t\t{GR Doc Date},\n\t\t{GR Posting Date},\n\t\t{GR Ln},\n\t\t{GR Movement Type},\n\t\t{GR Value in LC},\n\t\t{GR Created By},\n\t\t{GR Year},\n\t\t{GR Qty},\n\t\t{GR DC Ind},\n\t\t{GR Currency},\n\t\t{PR Release Date},\n\t\tEBELP,\n\t\tEBELN,\n\t\t{GR Value}\n\t),\n\tskipDuplicateMapInputs: true,\n\tskipDuplicateMapOutputs: true) ~> Join3Columns\nEKETInboundJoin4 derive({GR Ln} = toString({GR Ln}, '####'),\n\t\t{GR Year} = toString({GR Year},'####'),\n\t\t{On Time Delivery} = {GR Posting Date} -SLFDT,\n\t\t{Vendor Shipment Time} = {GR Doc Date}-{Inbound Trnsplning Date},\n\t\t{PR GR Cycle Time} = {GR Doc Date}-{PR Release Date},\n\t\t{GR CKey} = concat((concat(toString({GR Year},'####'), {GR No})), toString({GR Ln}, '####'))) ~> Trannsformations\nOutputColumns keyGenerate(output({GR SKey} as long),\n\tstartAt: 1L) ~> GRSKEY\nTrannsformations select(mapColumn(\n\t\t{Inbound Trnsplning Date},\n\t\t{GR No},\n\t\t{GR Doc Date},\n\t\t{GR Posting Date},\n\t\t{GR Ln},\n\t\t{GR Movement Type},\n\t\t{GR Value in LC},\n\t\t{GR Created By},\n\t\t{GR Year},\n\t\t{GR Qty},\n\t\t{GR DC Ind},\n\t\t{GR Currency},\n\t\t{PR Release Date},\n\t\t{GR Value},\n\t\t{On Time Delivery},\n\t\t{Vendor Shipment Time},\n\t\t{PR GR Cycle Time},\n\t\t{GR CKey}\n\t),\n\tskipDuplicateMapInputs: true,\n\tskipDuplicateMapOutputs: true) ~> OutputColumns\nGRSKEY sink(allowSchemaDrift: true,\n\tvalidateSchema: false,\n\tdeletable:false,\n\tinsertable:true,\n\tupdateable:false,\n\tupsertable:false,\n\trecreate:true,\n\tformat: 'table',\n\tbatchSize: 5000,\n\tpostSQLs:['insert into [dbo].[F_GOODSRECEIPT]([GR CKey],[GR SKey]) values(\\'-1\\',-1)'],\n\tskipDuplicateMapInputs: true,\n\tskipDuplicateMapOutputs: true,\n\terrorHandlingOption: 'stopOnFirstError') ~> FGOODSRECEIPTSINK"
        }
    }
}