{
    "name": "F_PURCHASERFQ_DF",
    "properties": {
        "folder": {
            "name": "SAPECCProcurementFD"
        },
        "type": "MappingDataFlow",
        "typeProperties": {
            "sources": [
                {
                    "dataset": {
                        "referenceName": "EKKO",
                        "type": "DatasetReference"
                    },
                    "name": "EKKO"
                },
                {
                    "dataset": {
                        "referenceName": "EKPO",
                        "type": "DatasetReference"
                    },
                    "name": "EKPO"
                },
                {
                    "dataset": {
                        "referenceName": "EKET",
                        "type": "DatasetReference"
                    },
                    "name": "EKET"
                }
            ],
            "sinks": [
                {
                    "dataset": {
                        "referenceName": "F_PurchaseRFQ",
                        "type": "DatasetReference"
                    },
                    "name": "LoadFPurchaseRFQ"
                }
            ],
            "transformations": [
                {
                    "name": "FilterDocCategory"
                },
                {
                    "name": "EKKOEKPOJN"
                },
                {
                    "name": "SelectRenameColumns"
                },
                {
                    "name": "GenerateCKey"
                },
                {
                    "name": "EKETJOIN"
                },
                {
                    "name": "DataTypeConversion"
                },
                {
                    "name": "TrimLeadingZeros"
                },
                {
                    "name": "FPurchaseRFQSkey"
                }
            ],
            "script": "source(output(\n\t\tAEDAT as date,\n\t\tANGDT as date,\n\t\tBEDAT as date,\n\t\tBSART as string,\n\t\tBSTYP as string,\n\t\tBUKRS as string,\n\t\tDPAMT as decimal(11,2),\n\t\tDPDAT as date,\n\t\tDPPCT as decimal(5,2),\n\t\tDPTYP as string,\n\t\tEBELN as string,\n\t\tEKGRP as string,\n\t\tEKKO_POHDR_KEY as string,\n\t\tEKORG as string,\n\t\tERNAM as string,\n\t\tFRGRL as string,\n\t\tINCO1 as string,\n\t\tINCO2 as string,\n\t\tKNUMV as string,\n\t\tLIFNR as string,\n\t\tWAERS as string,\n\t\tWKURS as decimal(9,5),\n\t\tZBD1T as integer,\n\t\tZTERM as string\n\t),\n\tallowSchemaDrift: true,\n\tvalidateSchema: false,\n\tignoreNoFilesFound: false,\n\tbatchSize: 5000,\n\tisolationLevel: 'READ_UNCOMMITTED',\n\tformat: 'table') ~> EKKO\nsource(output(\n\t\tAEDAT as date,\n\t\tANFNR as string,\n\t\tANFPS as integer,\n\t\tBANFN as string,\n\t\tBEDNR as string,\n\t\tBNFPO as integer,\n\t\tBRTWR as decimal(13,2),\n\t\tBUKRS as string,\n\t\tEBELN as string,\n\t\tEBELP as integer,\n\t\tEKPO_POLN_KEY as string,\n\t\tELIKZ as string,\n\t\tKNTTP as string,\n\t\tLEWED as date,\n\t\tLOEKZ as string,\n\t\tMATKL as string,\n\t\tMATNR as string,\n\t\tMEINS as string,\n\t\tMENGE as decimal(13,3),\n\t\tNETPR as decimal(11,2),\n\t\tNETWR as decimal(13,2),\n\t\tPEINH as integer,\n\t\tPRIO_URG as integer,\n\t\tPSTYP as string,\n\t\tSTATU as string,\n\t\tTXZ01 as string,\n\t\tWERKS as string,\n\t\tLGORT as string\n\t),\n\tallowSchemaDrift: true,\n\tvalidateSchema: false,\n\tignoreNoFilesFound: false,\n\tbatchSize: 5000,\n\tisolationLevel: 'READ_UNCOMMITTED',\n\tformat: 'table') ~> EKPO\nsource(output(\n\t\tBANFN as string,\n\t\tBNFPO as integer,\n\t\tEBELN as string,\n\t\tEBELP as integer,\n\t\tEINDT as date,\n\t\tEKET_SCHLN_KEY as string,\n\t\tSLFDT as date,\n\t\tLOAD_DATETIME as timestamp\n\t),\n\tallowSchemaDrift: true,\n\tvalidateSchema: false,\n\tignoreNoFilesFound: false,\n\tbatchSize: 5000,\n\tisolationLevel: 'READ_UNCOMMITTED',\n\tformat: 'table') ~> EKET\nEKKO filter(BSTYP == 'A') ~> FilterDocCategory\nFilterDocCategory, EKPO join(EKKO@EBELN == EKPO@EBELN,\n\tjoinType:'inner',\n\tbroadcast: 'auto')~> EKKOEKPOJN\nEKETJOIN select(mapColumn(\n\t\t{RFQ No} = EKPO@EBELN,\n\t\t{RFQ Ln} = EKPO@EBELP,\n\t\t{RFQ Creation Date} = EKKO@AEDAT,\n\t\t{RFQ Deadline Date} = ANGDT,\n\t\t{RFQ Delivery Date} = EINDT\n\t),\n\tskipDuplicateMapInputs: true,\n\tskipDuplicateMapOutputs: true) ~> SelectRenameColumns\nDataTypeConversion derive({RFQ CKey} = concat({RFQ No},{RFQ Ln})) ~> GenerateCKey\nEKKOEKPOJN, EKET join(EKPO@EBELN == EKET@EBELN\n\t&& EKPO@EBELP == EKET@EBELP,\n\tjoinType:'left',\n\tbroadcast: 'auto')~> EKETJOIN\nSelectRenameColumns derive({RFQ Ln} = toString({RFQ Ln})) ~> DataTypeConversion\nGenerateCKey derive({RFQ No} = ltrim({RFQ No}, '0'),\n\t\t{RFQ CKey} = ltrim({RFQ CKey}, '0')) ~> TrimLeadingZeros\nTrimLeadingZeros keyGenerate(output({FPurchaseRFQ Skey} as long),\n\tstartAt: 1L) ~> FPurchaseRFQSkey\nFPurchaseRFQSkey sink(allowSchemaDrift: true,\n\tvalidateSchema: false,\n\tdeletable:false,\n\tinsertable:true,\n\tupdateable:false,\n\tupsertable:false,\n\trecreate:true,\n\tformat: 'table',\n\tbatchSize: 5000,\n\tpostSQLs:['insert into [dbo].[F_PurchaseRFQ]([RFQ CKey],[FPurchaseRFQ Skey]) values(\\'-1\\',-1)'],\n\tskipDuplicateMapInputs: true,\n\tskipDuplicateMapOutputs: true,\n\terrorHandlingOption: 'stopOnFirstError') ~> LoadFPurchaseRFQ"
        }
    }
}