{
    "now": "2020-12-08T05:16:45.718Z",
    "perfNow": 3536355.804999941,
    "diagnosticCorrelation": "5809e6dd-7ba5-4d6a-b6cf-045f32a18197",
    "source": "DownloadSupportFiles",
    "environment": {
        "productName": "adf",
        "buildVersion": "1.0.20201201.3",
        "environmentType": 3,
        "resourceName": "orgbietl",
        "resourceRegion": "eastus2",
        "resourceGroup": "AnalyticsProj",
        "subscriptionId": "6fe100c3-7b99-4487-a87c-b3ed63ae5fa9",
        "sessionId": "8vf8C",
        "operationId": "ZtxS6",
        "gitType": "live"
    },
    "additionalInfo": {
        "selectedResource": "SAPECCPROCUREMENT_PP",
        "selectedResourceType": "pipeline"
    }
}